-- seed.sql

USE app_db;

-- Datos: customers
INSERT INTO `customers` (`id`, `name`, `email`, `phone`, `created_at`, `updated_at`, `deleted_at`) VALUES
(1, 'ACME Corporation', 'ops@acme.com', '+57-300-1234567', '2025-10-02 04:05:22', '2025-10-02 04:05:22', NULL),
(2, 'Tech Solutions SAS', 'contact@techsol.com', '+57-300-7654321', '2025-10-02 04:05:22', '2025-10-02 04:05:22', NULL),
(3, 'Global Imports Ltd', 'info@globalimports.com', '+57-301-9876543', '2025-10-02 04:05:22', '2025-10-02 04:05:22', NULL),
(4, 'ACME Corp2', 'contacto2@acme.com', '123456789', '2025-10-02 04:56:01', '2025-10-02 04:56:01', NULL);

-- Datos: products
INSERT INTO `products` (`id`, `sku`, `name`, `price_cents`, `stock`, `created_at`, `updated_at`) VALUES
(1, 'PROD-001', 'Laptop Dell Inspiron 15', 2499900, 50, '2025-10-02 04:05:22', '2025-10-02 04:05:22'),
(2, 'PROD-002', 'Mouse Logitech MX Master', 129900, 55, '2025-10-02 04:05:22', '2025-10-03 02:24:11'),
(3, 'PROD-003', 'Teclado Mecánico Keychron', 189900, 75, '2025-10-02 04:05:22', '2025-10-02 04:05:22'),
(4, 'PROD-004', 'Monitor LG 27\" 4K', 1299900, 30, '2025-10-02 04:05:22', '2025-10-02 04:05:22'),
(5, 'PROD-005', 'Webcam Logitech C920', 249900, 60, '2025-10-02 04:05:22', '2025-10-02 04:05:22');

-- Datos: orders
INSERT INTO `orders` (`id`, `customer_id`, `status`, `total_cents`, `created_at`, `updated_at`) VALUES
(1, 1, 'CREATED', 389700, '2025-10-02 05:17:22', '2025-10-02 05:17:22'),
(2, 1, 'CREATED', 389700, '2025-10-02 05:20:48', '2025-10-02 05:20:48'),
(3, 1, 'CREATED', 389700, '2025-10-02 05:20:50', '2025-10-02 05:20:50'),
(4, 1, 'CREATED', 389700, '2025-10-02 05:21:00', '2025-10-02 05:21:00'),
(5, 1, 'CREATED', 389700, '2025-10-02 05:22:33', '2025-10-02 05:22:33'),
(6, 1, 'CONFIRMED', 389700, '2025-10-02 05:26:08', '2025-10-02 05:26:08'),
(7, 1, 'CONFIRMED', 389700, '2025-10-02 05:26:24', '2025-10-02 05:26:24'),
(8, 1, 'CONFIRMED', 389700, '2025-10-02 05:27:46', '2025-10-02 05:27:46'),
(9, 1, 'CREATED', 389700, '2025-10-02 16:33:35', '2025-10-02 16:33:35'),
(10, 1, 'CREATED', 389700, '2025-10-02 16:35:51', '2025-10-02 16:35:51'),
(11, 1, 'CREATED', 389700, '2025-10-02 16:38:26', '2025-10-02 16:38:26'),
(12, 1, 'CREATED', 389700, '2025-10-02 16:41:44', '2025-10-02 16:41:44'),
(13, 1, 'CREATED', 389700, '2025-10-02 16:45:10', '2025-10-02 16:45:10'),
(14, 1, 'CREATED', 389700, '2025-10-02 16:47:27', '2025-10-02 16:47:27'),
(15, 1, 'CREATED', 389700, '2025-10-03 02:24:12', '2025-10-03 02:24:12');

-- Datos: order_items
INSERT INTO `order_items` (`id`, `order_id`, `product_id`, `qty`, `unit_price_cents`, `subtotal_cents`, `created_at`) VALUES
(1, 1, 2, 3, 129900, 389700, '2025-10-02 05:17:22'),
(2, 2, 2, 3, 129900, 389700, '2025-10-02 05:20:48'),
(3, 3, 2, 3, 129900, 389700, '2025-10-02 05:20:50'),
(4, 4, 2, 3, 129900, 389700, '2025-10-02 05:21:00'),
(5, 5, 2, 3, 129900, 389700, '2025-10-02 05:22:33'),
(6, 6, 2, 3, 129900, 389700, '2025-10-02 05:26:08'),
(7, 7, 2, 3, 129900, 389700, '2025-10-02 05:26:24'),
(8, 8, 2, 3, 129900, 389700, '2025-10-02 05:27:46'),
(9, 9, 2, 3, 129900, 389700, '2025-10-02 16:33:35'),
(10, 10, 2, 3, 129900, 389700, '2025-10-02 16:35:51'),
(11, 11, 2, 3, 129900, 389700, '2025-10-02 16:38:26'),
(12, 12, 2, 3, 129900, 389700, '2025-10-02 16:41:44'),
(13, 13, 2, 3, 129900, 389700, '2025-10-02 16:45:10'),
(14, 14, 2, 3, 129900, 389700, '2025-10-02 16:47:27'),
(15, 15, 2, 3, 129900, 389700, '2025-10-03 02:24:12');

-- Datos: idempotency_keys
INSERT INTO `idempotency_keys` (`key`, `target_type`, `target_id`, `status`, `response_body`, `created_at`, `expires_at`) VALUES
('abc-123', 'order_confirmation', 8, 'completed', '{\"id\": 8, \"items\": [{\"id\": 8, \"qty\": 3, \"order_id\": 8, \"created_at\": \"2025-10-02T05:27:46.000Z\", \"product_id\": 2, \"subtotal_cents\": 389700, \"unit_price_cents\": 129900}], \"status\": \"CONFIRMED\", \"total_cents\": 389700}', '2025-10-02 05:27:46', NULL);
